OID_,STATEFP20,COUNTYFP20,TRACTCE20,BLKGRPCE20,GEOID20,NAMELSAD20,MTFCC20,FUNCSTAT20,ALAND20,AWATER20,INTPTLAT20,INTPTLON20,Shape_STAr,Shape_STLe,GEOID,estimate,moe,OBJECTID,NAME,variable,GEOID20_1,OBJECTID_1,GEOID_1,total_esti,GEOID2,Multiplied
0,25,017,353900,2,250173539002,Block Group 2,G5030,S,112138.000000000000000,52563.000000000000000,+42.3662691,-071.1162109,1772710.667330000083894,8244.054894760000025,250173539002.000000000000000,28,30,698,"Block Group 2, Census Tract 3539, Middlesex County, Massachusetts",B25014_003,250173539002,698,250173539002.000000000000000,115,250173539002,143
1,25,017,354100,2,250173541002,Block Group 2,G5030,S,363851.000000000000000,47168.000000000000000,+42.3754773,-071.1271702,4427329.991129999980330,12507.655759999999646,250173541002.000000000000000,303,75,704,"Block Group 2, Census Tract 3541, Middlesex County, Massachusetts",B25014_003,250173541002,704,250173541002.000000000000000,475,250173541002,778
2,25,017,353300,1,250173533001,Block Group 1,G5030,S,92624.000000000000000,0.000000000000000,+42.3629041,-071.1069814,999517.423415999975987,4015.308628140000110,250173533001.000000000000000,218,96,682,"Block Group 1, Census Tract 3533, Middlesex County, Massachusetts",B25014_003,250173533001,682,250173533001.000000000000000,240,250173533001,458
3,25,017,352101,2,250173521012,Block Group 2,G5030,S,49489.000000000000000,0.000000000000000,+42.3704597,-071.0739197,507102.984360000002198,2996.677760139999918,250173521012.000000000000000,139,53,653,"Block Group 2, Census Tract 3521.01, Middlesex County, Massachusetts",B25014_003,250173521012,653,250173521012.000000000000000,33,250173521012,172
4,25,017,353102,2,250173531022,Block Group 2,G5030,S,372365.000000000000000,305812.000000000000000,+42.3601076,-071.0909495,7278547.226959999650717,13771.090702100000271,250173531022.000000000000000,0,13,676,"Block Group 2, Census Tract 3531.02, Middlesex County, Massachusetts",B25014_003,250173531022,676,250173531022.000000000000000,0,250173531022,0
5,25,017,353000,2,250173530002,Block Group 2,G5030,S,97049.000000000000000,0.000000000000000,+42.3668889,-071.1014448,1044551.184080000035465,4569.341024680000373,250173530002.000000000000000,44,39,672,"Block Group 2, Census Tract 3530, Middlesex County, Massachusetts",B25014_003,250173530002,672,250173530002.000000000000000,45,250173530002,89
6,25,017,352101,3,250173521013,Block Group 3,G5030,S,175053.000000000000000,0.000000000000000,+42.3724876,-071.0761514,1884121.638959999894723,7827.387708960000055,250173521013.000000000000000,17,19,654,"Block Group 3, Census Tract 3521.01, Middlesex County, Massachusetts",B25014_003,250173521013,654,250173521013.000000000000000,38,250173521013,55
7,25,017,353102,1,250173531021,Block Group 1,G5030,S,242216.000000000000000,243349.000000000000000,+42.3603834,-071.0811781,5226212.507220000028610,9787.574260400000639,250173531021.000000000000000,0,13,675,"Block Group 1, Census Tract 3531.02, Middlesex County, Massachusetts",B25014_003,250173531021,675,250173531021.000000000000000,40,250173531021,40
8,25,017,354902,2,250173549022,Block Group 2,G5030,S,309841.000000000000000,14259.000000000000000,+42.3953335,-071.1379770,3488372.788459999952465,8769.352433640000527,250173549022.000000000000000,309,104,728,"Block Group 2, Census Tract 3549.02, Middlesex County, Massachusetts",B25014_003,250173549022,728,250173549022.000000000000000,367,250173549022,676
9,25,017,354601,1,250173546011,Block Group 1,G5030,S,184516.000000000000000,0.000000000000000,+42.3903341,-071.1416767,1985976.985940000042319,7293.012229910000315,250173546011.000000000000000,0,13,715,"Block Group 1, Census Tract 3546.01, Middlesex County, Massachusetts",B25014_003,250173546011,715,250173546011.000000000000000,0,250173546011,0
10,25,017,354602,2,250173546022,Block Group 2,G5030,S,148494.000000000000000,0.000000000000000,+42.3848644,-071.1304469,1598267.421829999890178,5738.176552539999648,250173546022.000000000000000,174,96,718,"Block Group 2, Census Tract 3546.02, Middlesex County, Massachusetts",B25014_003,250173546022,718,250173546022.000000000000000,150,250173546022,324
11,25,017,354902,1,250173549021,Block Group 1,G5030,S,143228.000000000000000,0.000000000000000,+42.3941011,-071.1318806,1541596.570090000052005,6792.444008389999908,250173549021.000000000000000,187,68,727,"Block Group 1, Census Tract 3549.02, Middlesex County, Massachusetts",B25014_003,250173549021,727,250173549021.000000000000000,207,250173549021,394
12,25,017,354100,1,250173541001,Block Group 1,G5030,S,270071.000000000000000,0.000000000000000,+42.3735174,-071.1225198,2906821.315289999824017,6896.562532040000406,250173541001.000000000000000,183,62,703,"Block Group 1, Census Tract 3541, Middlesex County, Massachusetts",B25014_003,250173541001,703,250173541001.000000000000000,269,250173541001,452
13,25,017,359400,5,250173594005,Block Group 5,G5030,S,75163.000000000000000,0.000000000000000,+42.3677436,-071.1087894,808983.758334000012837,6413.361090719999993,250173594005.000000000000000,105,54,845,"Block Group 5, Census Tract 3594, Middlesex County, Massachusetts",B25014_003,250173594005,845,250173594005.000000000000000,105,250173594005,210
14,25,017,359400,4,250173594004,Block Group 4,G5030,S,76295.000000000000000,0.000000000000000,+42.3660417,-071.1083131,821170.781749999965541,4047.825597160000143,250173594004.000000000000000,110,45,844,"Block Group 4, Census Tract 3594, Middlesex County, Massachusetts",B25014_003,250173594004,844,250173594004.000000000000000,247,250173594004,357
15,25,017,353000,1,250173530001,Block Group 1,G5030,S,171086.000000000000000,0.000000000000000,+42.3682976,-071.1043193,1841428.362110000103712,5402.520964760000425,250173530001.000000000000000,279,85,671,"Block Group 1, Census Tract 3530, Middlesex County, Massachusetts",B25014_003,250173530001,671,250173530001.000000000000000,408,250173530001,687
16,25,017,354901,3,250173549013,Block Group 3,G5030,S,244755.000000000000000,13251.000000000000000,+42.3946771,-071.1486773,2776991.895060000009835,9262.907701250000173,250173549013.000000000000000,0,13,726,"Block Group 3, Census Tract 3549.01, Middlesex County, Massachusetts",B25014_003,250173549013,726,250173549013.000000000000000,9,250173549013,9
17,25,017,352300,3,250173523003,Block Group 3,G5030,S,312587.000000000000000,0.000000000000000,+42.3642854,-071.0834568,3364423.670919999945909,8821.678475619999517,250173523003.000000000000000,13,20,660,"Block Group 3, Census Tract 3523, Middlesex County, Massachusetts",B25014_003,250173523003,660,250173523003.000000000000000,206,250173523003,219
18,25,017,353800,4,250173538004,Block Group 4,G5030,S,53337.000000000000000,0.000000000000000,+42.3705098,-071.1117258,574077.327500000013970,3131.672641229999954,250173538004.000000000000000,67,72,696,"Block Group 4, Census Tract 3538, Middlesex County, Massachusetts",B25014_003,250173538004,696,250173538004.000000000000000,71,250173538004,138
19,25,017,353101,2,250173531012,Block Group 2,G5030,S,245897.000000000000000,0.000000000000000,+42.3619548,-071.1007798,2646618.668860000092536,8975.695006800000556,250173531012.000000000000000,54,43,674,"Block Group 2, Census Tract 3531.01, Middlesex County, Massachusetts",B25014_003,250173531012,674,250173531012.000000000000000,392,250173531012,446
20,25,017,359400,1,250173594001,Block Group 1,G5030,S,159238.000000000000000,13275.000000000000000,+42.3636223,-071.1121707,1856783.302600000053644,7892.570618890000333,250173594001.000000000000000,157,86,841,"Block Group 1, Census Tract 3594, Middlesex County, Massachusetts",B25014_003,250173594001,841,250173594001.000000000000000,191,250173594001,348
21,25,017,359400,2,250173594002,Block Group 2,G5030,S,133764.000000000000000,13759.000000000000000,+42.3607296,-071.1143927,1587817.146140000084415,6550.343483759999799,250173594002.000000000000000,187,89,842,"Block Group 2, Census Tract 3594, Middlesex County, Massachusetts",B25014_003,250173594002,842,250173594002.000000000000000,324,250173594002,511
22,25,017,354902,4,250173549024,Block Group 4,G5030,S,102141.000000000000000,0.000000000000000,+42.3922919,-071.1349173,1099364.969070000108331,4491.386981569999989,250173549024.000000000000000,37,44,730,"Block Group 4, Census Tract 3549.02, Middlesex County, Massachusetts",B25014_003,250173549024,730,250173549024.000000000000000,71,250173549024,108
23,25,017,354601,2,250173546012,Block Group 2,G5030,S,580417.000000000000000,4512.000000000000000,+42.3925690,-071.1535280,6295715.958010000176728,10691.042314099999203,250173546012.000000000000000,143,76,716,"Block Group 2, Census Tract 3546.01, Middlesex County, Massachusetts",B25014_003,250173546012,716,250173546012.000000000000000,310,250173546012,453
24,25,017,352101,1,250173521011,Block Group 1,G5030,S,175925.000000000000000,17063.000000000000000,+42.3708794,-071.0703570,2077164.025900000007823,6453.022979080000368,250173521011.000000000000000,90,40,652,"Block Group 1, Census Tract 3521.01, Middlesex County, Massachusetts",B25014_003,250173521011,652,250173521011.000000000000000,108,250173521011,198
25,25,017,354602,3,250173546023,Block Group 3,G5030,S,443270.000000000000000,2158.000000000000000,+42.3876828,-071.1359698,4794242.318490000441670,8523.383122870000079,250173546023.000000000000000,248,106,719,"Block Group 3, Census Tract 3546.02, Middlesex County, Massachusetts",B25014_003,250173546023,719,250173546023.000000000000000,305,250173546023,553
26,25,017,354602,1,250173546021,Block Group 1,G5030,S,135113.000000000000000,0.000000000000000,+42.3885253,-071.1304060,1454245.858160000061616,4853.544242420000046,250173546021.000000000000000,117,67,717,"Block Group 1, Census Tract 3546.02, Middlesex County, Massachusetts",B25014_003,250173546021,717,250173546021.000000000000000,207,250173546021,324
27,25,017,353800,1,250173538001,Block Group 1,G5030,S,69737.000000000000000,0.000000000000000,+42.3694046,-071.1083828,750588.298404000001028,3555.304665359999944,250173538001.000000000000000,50,43,693,"Block Group 1, Census Tract 3538, Middlesex County, Massachusetts",B25014_003,250173538001,693,250173538001.000000000000000,158,250173538001,208
28,25,017,359400,3,250173594003,Block Group 3,G5030,S,132377.000000000000000,0.000000000000000,+42.3666548,-071.1119133,1424805.183389999903738,5269.481364270000086,250173594003.000000000000000,163,79,843,"Block Group 3, Census Tract 3594, Middlesex County, Massachusetts",B25014_003,250173594003,843,250173594003.000000000000000,294,250173594003,457
29,25,017,354901,1,250173549011,Block Group 1,G5030,S,229005.000000000000000,12650.000000000000000,+42.3981719,-071.1490487,2601003.346229999791831,7325.553568850000374,250173549011.000000000000000,0,13,724,"Block Group 1, Census Tract 3549.01, Middlesex County, Massachusetts",B25014_003,250173549011,724,250173549011.000000000000000,0,250173549011,0
30,25,017,354901,2,250173549012,Block Group 2,G5030,S,144429.000000000000000,5499.000000000000000,+42.3949109,-071.1424373,1613728.109889999963343,5337.738233609999952,250173549012.000000000000000,0,13,725,"Block Group 2, Census Tract 3549.01, Middlesex County, Massachusetts",B25014_003,250173549012,725,250173549012.000000000000000,107,250173549012,107
31,25,017,353200,4,250173532004,Block Group 4,G5030,S,140613.000000000000000,0.000000000000000,+42.3598453,-071.1030759,1513445.251309999963269,5801.930744190000041,250173532004.000000000000000,0,13,681,"Block Group 4, Census Tract 3532, Middlesex County, Massachusetts",B25014_003,250173532004,681,250173532004.000000000000000,0,250173532004,0
32,25,017,352400,1,250173524001,Block Group 1,G5030,S,225079.000000000000000,0.000000000000000,+42.3650343,-071.0934341,2422583.065859999973327,6548.034646840000278,250173524001.000000000000000,65,31,661,"Block Group 1, Census Tract 3524, Middlesex County, Massachusetts",B25014_003,250173524001,661,250173524001.000000000000000,184,250173524001,249
33,25,017,353800,2,250173538002,Block Group 2,G5030,S,73305.000000000000000,0.000000000000000,+42.3722310,-071.1110979,789000.073919999995269,3665.253611699999965,250173538002.000000000000000,326,263,694,"Block Group 2, Census Tract 3538, Middlesex County, Massachusetts",B25014_003,250173538002,694,250173538002.000000000000000,371,250173538002,697
34,25,017,354902,3,250173549023,Block Group 3,G5030,S,74169.000000000000000,0.000000000000000,+42.3928382,-071.1389367,798287.663913000025786,3656.867127789999813,250173549023.000000000000000,55,52,729,"Block Group 3, Census Tract 3549.02, Middlesex County, Massachusetts",B25014_003,250173549023,729,250173549023.000000000000000,366,250173549023,421
35,25,017,353102,3,250173531023,Block Group 3,G5030,S,369156.000000000000000,122528.000000000000000,+42.3574378,-071.0979974,5292097.346810000017285,12434.356233300000895,250173531023.000000000000000,0,13,677,"Block Group 3, Census Tract 3531.02, Middlesex County, Massachusetts",B25014_003,250173531023,677,250173531023.000000000000000,0,250173531023,0
36,25,017,353101,1,250173531011,Block Group 1,G5030,S,210461.000000000000000,0.000000000000000,+42.3632147,-071.0970958,2265232.200689999852329,7992.154031680000116,250173531011.000000000000000,36,29,673,"Block Group 1, Census Tract 3531.01, Middlesex County, Massachusetts",B25014_003,250173531011,673,250173531011.000000000000000,65,250173531011,101
37,25,017,353600,1,250173536001,Block Group 1,G5030,S,285122.000000000000000,0.000000000000000,+42.3805280,-071.1123627,3068819.191689999774098,10364.032741799999712,250173536001.000000000000000,274,92,685,"Block Group 1, Census Tract 3536, Middlesex County, Massachusetts",B25014_003,250173536001,685,250173536001.000000000000000,416,250173536001,690
38,25,017,353300,2,250173533002,Block Group 2,G5030,S,127311.000000000000000,0.000000000000000,+42.3605266,-071.1096677,1370266.921030000085011,4794.119520950000151,250173533002.000000000000000,190,62,683,"Block Group 2, Census Tract 3533, Middlesex County, Massachusetts",B25014_003,250173533002,683,250173533002.000000000000000,228,250173533002,418
39,25,017,354000,1,250173540001,Block Group 1,G5030,S,151932.000000000000000,0.000000000000000,+42.3829790,-071.1215873,1635278.829949999926612,6232.266048100000262,250173540001.000000000000000,282,84,700,"Block Group 1, Census Tract 3540, Middlesex County, Massachusetts",B25014_003,250173540001,700,250173540001.000000000000000,250,250173540001,532
40,25,017,352700,2,250173527002,Block Group 2,G5030,S,76094.000000000000000,0.000000000000000,+42.3731481,-071.0903699,819012.882060999982059,3997.949026499999945,250173527002.000000000000000,24,27,667,"Block Group 2, Census Tract 3527, Middlesex County, Massachusetts",B25014_003,250173527002,667,250173527002.000000000000000,178,250173527002,202
41,25,017,353600,3,250173536003,Block Group 3,G5030,S,175866.000000000000000,0.000000000000000,+42.3844838,-071.1179365,1892896.611379999900237,6321.987235159999727,250173536003.000000000000000,147,43,687,"Block Group 3, Census Tract 3536, Middlesex County, Massachusetts",B25014_003,250173536003,687,250173536003.000000000000000,148,250173536003,295
42,25,017,353800,3,250173538003,Block Group 3,G5030,S,56583.000000000000000,0.000000000000000,+42.3709626,-071.1073068,609014.958444999996573,3353.168741959999807,250173538003.000000000000000,121,83,695,"Block Group 3, Census Tract 3538, Middlesex County, Massachusetts",B25014_003,250173538003,695,250173538003.000000000000000,135,250173538003,256
43,25,017,354800,2,250173548002,Block Group 2,G5030,S,178267.000000000000000,0.000000000000000,+42.3913124,-071.1273173,1918734.857529999921098,5849.216973360000338,250173548002.000000000000000,171,44,723,"Block Group 2, Census Tract 3548, Middlesex County, Massachusetts",B25014_003,250173548002,723,250173548002.000000000000000,205,250173548002,376
44,25,017,352102,2,250173521022,Block Group 2,G5030,S,139349.000000000000000,0.000000000000000,+42.3710154,-071.0808519,1499816.616440000012517,6575.512640490000194,250173521022.000000000000000,243,89,656,"Block Group 2, Census Tract 3521.02, Middlesex County, Massachusetts",B25014_003,250173521022,656,250173521022.000000000000000,233,250173521022,476
45,25,017,354500,1,250173545001,Block Group 1,G5030,S,115298.000000000000000,0.000000000000000,+42.3864355,-071.1213109,1240979.573520000092685,4624.225974240000141,250173545001.000000000000000,234,67,713,"Block Group 1, Census Tract 3545, Middlesex County, Massachusetts",B25014_003,250173545001,713,250173545001.000000000000000,347,250173545001,581
46,25,017,352800,1,250173528001,Block Group 1,G5030,S,144694.000000000000000,0.000000000000000,+42.3717557,-071.0963101,1557358.108909999951720,6026.632633610000084,250173528001.000000000000000,113,42,668,"Block Group 1, Census Tract 3528, Middlesex County, Massachusetts",B25014_003,250173528001,668,250173528001.000000000000000,197,250173528001,310
47,25,017,353200,2,250173532002,Block Group 2,G5030,S,177770.000000000000000,2895.000000000000000,+42.3559112,-071.1065154,1944520.037410000106320,8796.891072919999715,250173532002.000000000000000,69,38,679,"Block Group 2, Census Tract 3532, Middlesex County, Massachusetts",B25014_003,250173532002,679,250173532002.000000000000000,146,250173532002,215
48,25,017,353600,2,250173536002,Block Group 2,G5030,S,342501.000000000000000,0.000000000000000,+42.3785254,-071.1167670,3686405.826599999796599,9100.244652850000421,250173536002.000000000000000,7,12,686,"Block Group 2, Census Tract 3536, Middlesex County, Massachusetts",B25014_003,250173536002,686,250173536002.000000000000000,14,250173536002,21
49,25,017,353200,1,250173532001,Block Group 1,G5030,S,127308.000000000000000,0.000000000000000,+42.3576497,-071.1083777,1370243.888250000076368,5718.985714370000096,250173532001.000000000000000,131,42,678,"Block Group 1, Census Tract 3532, Middlesex County, Massachusetts",B25014_003,250173532001,678,250173532001.000000000000000,403,250173532001,534
50,25,017,353200,3,250173532003,Block Group 3,G5030,S,68522.000000000000000,0.000000000000000,+42.3611253,-071.1052829,737512.384089000057429,3891.205915819999973,250173532003.000000000000000,202,81,680,"Block Group 3, Census Tract 3532, Middlesex County, Massachusetts",B25014_003,250173532003,680,250173532003.000000000000000,103,250173532003,305
51,25,017,353300,3,250173533003,Block Group 3,G5030,S,254840.000000000000000,73225.000000000000000,+42.3556757,-071.1122880,3531039.278309999965131,8181.946602429999984,250173533003.000000000000000,222,156,684,"Block Group 3, Census Tract 3533, Middlesex County, Massachusetts",B25014_003,250173533003,684,250173533003.000000000000000,269,250173533003,491
52,25,017,353700,1,250173537001,Block Group 1,G5030,S,124855.000000000000000,0.000000000000000,+42.3750884,-071.1074640,1343847.473280000034720,5456.263359990000026,250173537001.000000000000000,175,64,688,"Block Group 1, Census Tract 3537, Middlesex County, Massachusetts",B25014_003,250173537001,688,250173537001.000000000000000,258,250173537001,433
53,25,017,354500,2,250173545002,Block Group 2,G5030,S,219161.000000000000000,0.000000000000000,+42.3838555,-071.1270018,2358873.612829999998212,7638.756583119999959,250173545002.000000000000000,211,74,714,"Block Group 2, Census Tract 3545, Middlesex County, Massachusetts",B25014_003,250173545002,714,250173545002.000000000000000,177,250173545002,388
54,25,017,353900,1,250173539001,Block Group 1,G5030,S,101329.000000000000000,0.000000000000000,+42.3694413,-071.1151091,1090645.809159999946132,4473.125622200000180,250173539001.000000000000000,51,42,697,"Block Group 1, Census Tract 3539, Middlesex County, Massachusetts",B25014_003,250173539001,697,250173539001.000000000000000,173,250173539001,224
55,25,017,353900,3,250173539003,Block Group 3,G5030,S,109725.000000000000000,0.000000000000000,+42.3708004,-071.1190736,1180986.437039999989793,4743.742440349999924,250173539003.000000000000000,0,13,699,"Block Group 3, Census Tract 3539, Middlesex County, Massachusetts",B25014_003,250173539003,699,250173539003.000000000000000,16,250173539003,16
56,25,017,354000,2,250173540002,Block Group 2,G5030,S,161996.000000000000000,0.000000000000000,+42.3811998,-071.1243812,1743600.145400000037625,6517.122584319999987,250173540002.000000000000000,144,55,701,"Block Group 2, Census Tract 3540, Middlesex County, Massachusetts",B25014_003,250173540002,701,250173540002.000000000000000,249,250173540002,393
57,25,017,353700,2,250173537002,Block Group 2,G5030,S,147444.000000000000000,0.000000000000000,+42.3754344,-071.1104142,1586969.584259999915957,5466.635573370000202,250173537002.000000000000000,155,64,689,"Block Group 2, Census Tract 3537, Middlesex County, Massachusetts",B25014_003,250173537002,689,250173537002.000000000000000,178,250173537002,333
58,25,017,353700,5,250173537005,Block Group 5,G5030,S,101150.000000000000000,0.000000000000000,+42.3739127,-071.1137218,1088697.724729999899864,5872.893388190000223,250173537005.000000000000000,10,23,692,"Block Group 5, Census Tract 3537, Middlesex County, Massachusetts",B25014_003,250173537005,692,250173537005.000000000000000,46,250173537005,56
59,25,017,353700,4,250173537004,Block Group 4,G5030,S,52350.000000000000000,0.000000000000000,+42.3723356,-071.1174956,563442.352771000005305,4085.516744439999911,250173537004.000000000000000,0,13,691,"Block Group 4, Census Tract 3537, Middlesex County, Massachusetts",B25014_003,250173537004,691,250173537004.000000000000000,54,250173537004,54
60,25,017,354200,3,250173542003,Block Group 3,G5030,S,310169.000000000000000,0.000000000000000,+42.3794802,-071.1336470,3338410.620389999821782,7853.887344589999884,250173542003.000000000000000,318,165,707,"Block Group 3, Census Tract 3542, Middlesex County, Massachusetts",B25014_003,250173542003,707,250173542003.000000000000000,371,250173542003,689
61,25,017,354200,2,250173542002,Block Group 2,G5030,S,893289.000000000000000,86953.000000000000000,+42.3707548,-071.1378430,10550532.472699999809265,16565.486505500000931,250173542002.000000000000000,336,71,706,"Block Group 2, Census Tract 3542, Middlesex County, Massachusetts",B25014_003,250173542002,706,250173542002.000000000000000,387,250173542002,723
62,25,017,354300,1,250173543001,Block Group 1,G5030,S,137824.000000000000000,0.000000000000000,+42.3785363,-071.1538919,1483426.731450000079349,6002.422031609999976,250173543001.000000000000000,99,44,708,"Block Group 1, Census Tract 3543, Middlesex County, Massachusetts",B25014_003,250173543001,708,250173543001.000000000000000,252,250173543001,351
63,25,017,354400,1,250173544001,Block Group 1,G5030,S,181952.000000000000000,0.000000000000000,+42.3838407,-071.1389781,1958397.009049999993294,6243.573154480000085,250173544001.000000000000000,119,31,711,"Block Group 1, Census Tract 3544, Middlesex County, Massachusetts",B25014_003,250173544001,711,250173544001.000000000000000,203,250173544001,322
64,25,017,354200,1,250173542001,Block Group 1,G5030,S,369286.000000000000000,0.000000000000000,+42.3782227,-071.1419703,3974716.927840000018477,8253.195892280000407,250173542001.000000000000000,316,79,705,"Block Group 1, Census Tract 3542, Middlesex County, Massachusetts",B25014_003,250173542001,705,250173542001.000000000000000,421,250173542001,737
65,25,017,354400,2,250173544002,Block Group 2,G5030,S,113848.000000000000000,0.000000000000000,+42.3826233,-071.1345951,1225378.641850000014529,4667.290042769999673,250173544002.000000000000000,277,62,712,"Block Group 2, Census Tract 3544, Middlesex County, Massachusetts",B25014_003,250173544002,712,250173544002.000000000000000,331,250173544002,608
66,25,017,354700,1,250173547001,Block Group 1,G5030,S,207470.000000000000000,0.000000000000000,+42.3904767,-071.1208506,2233038.454129999969155,7085.670699100000093,250173547001.000000000000000,168,48,720,"Block Group 1, Census Tract 3547, Middlesex County, Massachusetts",B25014_003,250173547001,720,250173547001.000000000000000,268,250173547001,436
67,25,017,354700,2,250173547002,Block Group 2,G5030,S,147904.000000000000000,0.000000000000000,+42.3883250,-071.1251224,1591928.974859999958426,6339.075379969999631,250173547002.000000000000000,199,52,721,"Block Group 2, Census Tract 3547, Middlesex County, Massachusetts",B25014_003,250173547002,721,250173547002.000000000000000,423,250173547002,622
68,25,017,354800,1,250173548001,Block Group 1,G5030,S,132241.000000000000000,0.000000000000000,+42.3944903,-071.1287833,1423342.845519999973476,5958.195367469999837,250173548001.000000000000000,189,46,722,"Block Group 1, Census Tract 3548, Middlesex County, Massachusetts",B25014_003,250173548001,722,250173548001.000000000000000,142,250173548001,331
69,25,017,355000,2,250173550002,Block Group 2,G5030,S,175733.000000000000000,2780.000000000000000,+42.4011224,-071.1325088,1921353.451039999956265,6529.614554009999665,250173550002.000000000000000,151,54,732,"Block Group 2, Census Tract 3550, Middlesex County, Massachusetts",B25014_003,250173550002,732,250173550002.000000000000000,228,250173550002,379
70,25,017,355000,3,250173550003,Block Group 3,G5030,S,116834.000000000000000,0.000000000000000,+42.3953542,-071.1268586,1257495.932199999922886,6476.195806009999615,250173550003.000000000000000,116,60,733,"Block Group 3, Census Tract 3550, Middlesex County, Massachusetts",B25014_003,250173550003,733,250173550003.000000000000000,89,250173550003,205
71,25,017,353700,3,250173537003,Block Group 3,G5030,S,106288.000000000000000,0.000000000000000,+42.3742716,-071.1166237,1143994.270650000078604,4216.927384339999662,250173537003.000000000000000,0,13,690,"Block Group 3, Census Tract 3537, Middlesex County, Massachusetts",B25014_003,250173537003,690,250173537003.000000000000000,0,250173537003,0
72,25,017,354000,3,250173540003,Block Group 3,G5030,S,110082.000000000000000,0.000000000000000,+42.3779243,-071.1214720,1184818.441080000018701,5016.602653949999876,250173540003.000000000000000,107,86,702,"Block Group 3, Census Tract 3540, Middlesex County, Massachusetts",B25014_003,250173540003,702,250173540003.000000000000000,93,250173540003,200
73,25,017,354300,3,250173543003,Block Group 3,G5030,S,865298.000000000000000,655856.000000000000000,+42.3830878,-071.1471164,16372530.290200000628829,19214.968569000000571,250173543003.000000000000000,259,79,710,"Block Group 3, Census Tract 3543, Middlesex County, Massachusetts",B25014_003,250173543003,710,250173543003.000000000000000,370,250173543003,629
74,25,017,354300,2,250173543002,Block Group 2,G5030,S,230741.000000000000000,0.000000000000000,+42.3807510,-071.1449355,2483505.431450000032783,12162.881484400000772,250173543002.000000000000000,171,55,709,"Block Group 2, Census Tract 3543, Middlesex County, Massachusetts",B25014_003,250173543002,709,250173543002.000000000000000,185,250173543002,356
75,25,017,352102,1,250173521021,Block Group 1,G5030,S,273913.000000000000000,135921.000000000000000,+42.3665276,-071.0769921,4411129.880339999683201,10456.377160100000765,250173521021.000000000000000,334,82,655,"Block Group 1, Census Tract 3521.02, Middlesex County, Massachusetts",B25014_003,250173521021,655,250173521021.000000000000000,384,250173521021,718
76,25,017,352300,2,250173523002,Block Group 2,G5030,S,213808.000000000000000,0.000000000000000,+42.3669726,-071.0825478,2301254.950639999937266,7930.150544590000209,250173523002.000000000000000,20,22,659,"Block Group 2, Census Tract 3523, Middlesex County, Massachusetts",B25014_003,250173523002,659,250173523002.000000000000000,109,250173523002,129
77,25,017,352300,1,250173523001,Block Group 1,G5030,S,168490.000000000000000,0.000000000000000,+42.3688531,-071.0847931,1813475.371560000116006,7963.180166359999930,250173523001.000000000000000,185,78,658,"Block Group 1, Census Tract 3523, Middlesex County, Massachusetts",B25014_003,250173523001,658,250173523001.000000000000000,256,250173523001,441
78,25,017,352200,1,250173522001,Block Group 1,G5030,S,145606.000000000000000,0.000000000000000,+42.3719651,-071.0851250,1567181.591130000073463,6220.043795350000437,250173522001.000000000000000,194,65,657,"Block Group 1, Census Tract 3522, Middlesex County, Massachusetts",B25014_003,250173522001,657,250173522001.000000000000000,431,250173522001,625
79,25,017,352500,1,250173525001,Block Group 1,G5030,S,136506.000000000000000,0.000000000000000,+42.3694865,-071.0978335,1469248.874469999922439,5206.810824410000350,250173525001.000000000000000,145,62,662,"Block Group 1, Census Tract 3525, Middlesex County, Massachusetts",B25014_003,250173525001,662,250173525001.000000000000000,160,250173525001,305
80,25,017,352500,2,250173525002,Block Group 2,G5030,S,104195.000000000000000,0.000000000000000,+42.3665954,-071.0979579,1121470.639879999915138,4235.854783910000151,250173525002.000000000000000,230,159,663,"Block Group 2, Census Tract 3525, Middlesex County, Massachusetts",B25014_003,250173525002,663,250173525002.000000000000000,376,250173525002,606
81,25,017,352600,2,250173526002,Block Group 2,G5030,S,151689.000000000000000,0.000000000000000,+42.3706058,-071.0920655,1632653.193710000021383,5777.208405020000100,250173526002.000000000000000,157,74,665,"Block Group 2, Census Tract 3526, Middlesex County, Massachusetts",B25014_003,250173526002,665,250173526002.000000000000000,184,250173526002,341
82,25,017,352700,1,250173527001,Block Group 1,G5030,S,81907.000000000000000,0.000000000000000,+42.3737711,-071.0965542,881588.529037000029348,5268.428110959999685,250173527001.000000000000000,70,41,666,"Block Group 1, Census Tract 3527, Middlesex County, Massachusetts",B25014_003,250173527001,666,250173527001.000000000000000,120,250173527001,190
83,25,017,352900,2,250173529002,Block Group 2,G5030,S,169704.000000000000000,0.000000000000000,+42.3730092,-071.1046619,1826556.412119999993593,6025.733759339999779,250173529002.000000000000000,381,102,670,"Block Group 2, Census Tract 3529, Middlesex County, Massachusetts",B25014_003,250173529002,670,250173529002.000000000000000,415,250173529002,796
84,25,017,352900,1,250173529001,Block Group 1,G5030,S,109309.000000000000000,0.000000000000000,+42.3716541,-071.1013241,1176511.247549999970943,5495.293570529999670,250173529001.000000000000000,265,122,669,"Block Group 1, Census Tract 3529, Middlesex County, Massachusetts",B25014_003,250173529001,669,250173529001.000000000000000,337,250173529001,602
85,25,017,352600,1,250173526001,Block Group 1,G5030,S,155172.000000000000000,0.000000000000000,+42.3682356,-071.0903967,1670154.511579999933019,6933.625060770000346,250173526001.000000000000000,126,54,664,"Block Group 1, Census Tract 3526, Middlesex County, Massachusetts",B25014_003,250173526001,664,250173526001.000000000000000,102,250173526001,228
86,25,017,355000,1,250173550001,Block Group 1,G5030,S,171916.000000000000000,5359.000000000000000,+42.3993700,-071.1365445,1908058.191949999891222,6623.419049289999748,250173550001.000000000000000,206,141,731,"Block Group 1, Census Tract 3550, Middlesex County, Massachusetts",B25014_003,250173550001,731,250173550001.000000000000000,143,250173550001,349
